Rechner_1,ArbeitsplatzrechnerStandard
Rechner_2,ArbeitsplatzrechnerStandard
Rechner_3,ArbeitsplatzrechnerStandard
Rechner_4,ArbeitsplatzrechnerStandard
Rechner_5,ArbeitsplatzrechnerStandard
Rechner_6,ArbeitsplatzrechnerStandard
Rechner_7,ArbeitsplatzrechnerStandard
Rechner_8,ArbeitsplatzrechnerStandard
Rechner_9,ArbeitsplatzrechnerStandard
Rechner_10,ArbeitsplatzrechnerStandard
Rechner_11,ArbeitsplatzrechnerStandard
Rechner_12,ArbeitsplatzrechnerStandard
Rechner_13,ArbeitsplatzrechnerStandard
Rechner_14,ArbeitsplatzrechnerStandard
Rechner_15,ArbeitsplatzrechnerStandard
Rechner_16,ArbeitsplatzrechnerStandard
Rechner_17,ArbeitsplatzrechnerStandard
Rechner_18,ArbeitsplatzrechnerStandard
Rechner_19,ArbeitsplatzrechnerStandard
Rechner_20,ArbeitsplatzrechnerStandard
Rechner_21,ArbeitsplatzrechnerStandard
Rechner_22,ArbeitsplatzrechnerStandard
Rechner_23,ArbeitsplatzrechnerStandard
Rechner_24,ArbeitsplatzrechnerStandard
Rechner_25,ArbeitsplatzrechnerStandard
Rechner_26,ArbeitsplatzrechnerStandard
Rechner_27,ArbeitsplatzrechnerStandard
Rechner_28,ArbeitsplatzrechnerStandard
Rechner_29,ArbeitsplatzrechnerStandard
Rechner_30,ArbeitsplatzrechnerStandard
Rechner_31,ArbeitsplatzrechnerStandard
Rechner_32,ArbeitsplatzrechnerStandard
Rechner_33,ArbeitsplatzrechnerStandard
Rechner_34,ArbeitsplatzrechnerStandard
Rechner_35,ArbeitsplatzrechnerStandard
Rechner_36,ArbeitsplatzrechnerStandard
Rechner_37,ArbeitsplatzrechnerStandard
Rechner_38,ArbeitsplatzrechnerStandard
Rechner_39,ArbeitsplatzrechnerStandard
Rechner_40,ArbeitsplatzrechnerStandard
Rechner_41,ArbeitsplatzrechnerStandard
Rechner_42,ArbeitsplatzrechnerStandard
Rechner_43,ArbeitsplatzrechnerStandard
Rechner_44,ArbeitsplatzrechnerStandard
Rechner_45,ArbeitsplatzrechnerStandard
Rechner_46,ArbeitsplatzrechnerStandard
Rechner_47,ArbeitsplatzrechnerStandard
Rechner_48,ArbeitsplatzrechnerStandard
Rechner_49,ArbeitsplatzrechnerStandard
Rechner_50,ArbeitsplatzrechnerStandard
Rechner_51,ArbeitsplatzrechnerStandard
Rechner_52,ArbeitsplatzrechnerStandard
Rechner_53,ArbeitsplatzrechnerStandard
Rechner_54,ArbeitsplatzrechnerStandard
Rechner_55,ArbeitsplatzrechnerStandard
Rechner_56,ArbeitsplatzrechnerStandard
Rechner_57,ArbeitsplatzrechnerStandard
Rechner_58,ArbeitsplatzrechnerStandard
Rechner_59,ArbeitsplatzrechnerStandard
Rechner_60,ArbeitsplatzrechnerStandard
Rechner_61,ArbeitsplatzrechnerStandard
Rechner_62,ArbeitsplatzrechnerStandard
Rechner_63,ArbeitsplatzrechnerStandard
Rechner_64,ArbeitsplatzrechnerStandard
Rechner_65,ArbeitsplatzrechnerStandard
Rechner_66,ArbeitsplatzrechnerStandard
Rechner_67,ArbeitsplatzrechnerStandard
Rechner_68,ArbeitsplatzrechnerStandard
Rechner_69,ArbeitsplatzrechnerStandard
Rechner_70,ArbeitsplatzrechnerStandard
Rechner_71,ArbeitsplatzrechnerStandard
Rechner_72,ArbeitsplatzrechnerStandard
Rechner_73,ArbeitsplatzrechnerStandard
Rechner_74,ArbeitsplatzrechnerStandard
Rechner_75,ArbeitsplatzrechnerStandard
Rechner_76,ArbeitsplatzrechnerStandard
Rechner_77,ArbeitsplatzrechnerStandard
Rechner_78,ArbeitsplatzrechnerStandard
Rechner_79,ArbeitsplatzrechnerStandard
Rechner_80,ArbeitsplatzrechnerStandard
Rechner_81,ArbeitsplatzrechnerStandard
Rechner_82,ArbeitsplatzrechnerStandard
Rechner_83,ArbeitsplatzrechnerStandard
Rechner_84,ArbeitsplatzrechnerStandard
Rechner_85,ArbeitsplatzrechnerStandard
Rechner_86,ArbeitsplatzrechnerStandard
Rechner_87,ArbeitsplatzrechnerStandard
Rechner_88,ArbeitsplatzrechnerStandard
Rechner_89,ArbeitsplatzrechnerStandard
Rechner_90,ArbeitsplatzrechnerStandard
Rechner_91,ArbeitsplatzrechnerStandard
Rechner_92,ArbeitsplatzrechnerStandard
Rechner_93,ArbeitsplatzrechnerStandard
Rechner_94,ArbeitsplatzrechnerStandard
Rechner_95,ArbeitsplatzrechnerStandard
Rechner_96,ArbeitsplatzrechnerStandard
Rechner_97,ArbeitsplatzrechnerStandard
Rechner_98,ArbeitsplatzrechnerStandard
Rechner_99,ArbeitsplatzrechnerStandard
Rechner_100,ArbeitsplatzrechnerStandard
Rechner_101,ArbeitsplatzrechnerStandard
Rechner_102,ArbeitsplatzrechnerStandard
Rechner_103,ArbeitsplatzrechnerStandard
Rechner_104,ArbeitsplatzrechnerStandard
Rechner_105,ArbeitsplatzrechnerStandard
Rechner_106,ArbeitsplatzrechnerStandard
Rechner_107,ArbeitsplatzrechnerStandard
Rechner_108,ArbeitsplatzrechnerStandard
Rechner_109,ArbeitsplatzrechnerStandard
Rechner_110,ArbeitsplatzrechnerStandard
Rechner_111,ArbeitsplatzrechnerStandard
Rechner_112,ArbeitsplatzrechnerStandard
Rechner_113,ArbeitsplatzrechnerStandard
Rechner_114,ArbeitsplatzrechnerStandard
Rechner_115,ArbeitsplatzrechnerStandard
Rechner_116,ArbeitsplatzrechnerStandard
Rechner_117,ArbeitsplatzrechnerStandard
Rechner_118,ArbeitsplatzrechnerStandard
Rechner_119,ArbeitsplatzrechnerStandard
Rechner_120,ArbeitsplatzrechnerStandard
Rechner_121,ArbeitsplatzrechnerStandard
Rechner_122,ArbeitsplatzrechnerStandard
Rechner_123,ArbeitsplatzrechnerStandard
Rechner_124,ArbeitsplatzrechnerStandard
Rechner_125,ArbeitsplatzrechnerStandard
Rechner_126,ArbeitsplatzrechnerStandard
Rechner_127,ArbeitsplatzrechnerStandard
Rechner_128,ArbeitsplatzrechnerStandard
Rechner_129,ArbeitsplatzrechnerStandard
Rechner_130,ArbeitsplatzrechnerStandard
Rechner_131,ArbeitsplatzrechnerStandard
Rechner_132,ArbeitsplatzrechnerStandard
Rechner_133,ArbeitsplatzrechnerStandard
Rechner_134,ArbeitsplatzrechnerStandard
Rechner_135,ArbeitsplatzrechnerStandard
Rechner_136,ArbeitsplatzrechnerStandard
Rechner_137,ArbeitsplatzrechnerStandard
Rechner_138,ArbeitsplatzrechnerStandard
Rechner_139,ArbeitsplatzrechnerStandard
Rechner_140,ArbeitsplatzrechnerStandard
Rechner_141,ArbeitsplatzrechnerStandard
Rechner_142,ArbeitsplatzrechnerStandard
Rechner_143,ArbeitsplatzrechnerStandard
Rechner_144,ArbeitsplatzrechnerStandard
Rechner_145,ArbeitsplatzrechnerStandard
Rechner_146,ArbeitsplatzrechnerStandard
Rechner_147,ArbeitsplatzrechnerStandard
Rechner_148,ArbeitsplatzrechnerStandard
Rechner_149,ArbeitsplatzrechnerStandard
Rechner_150,ArbeitsplatzrechnerStandard
Rechner_151,ArbeitsplatzrechnerStandard
Rechner_152,ArbeitsplatzrechnerStandard
Rechner_153,ArbeitsplatzrechnerStandard
Rechner_154,ArbeitsplatzrechnerStandard
Rechner_155,ArbeitsplatzrechnerStandard
Rechner_156,ArbeitsplatzrechnerStandard
Rechner_157,ArbeitsplatzrechnerStandard
Rechner_158,ArbeitsplatzrechnerStandard
Rechner_159,ArbeitsplatzrechnerStandard
Rechner_160,ArbeitsplatzrechnerStandard
Rechner_161,ArbeitsplatzrechnerStandard
Rechner_162,ArbeitsplatzrechnerStandard
Rechner_163,ArbeitsplatzrechnerStandard
Rechner_164,ArbeitsplatzrechnerStandard
Rechner_165,ArbeitsplatzrechnerStandard
Rechner_166,ArbeitsplatzrechnerStandard
Rechner_167,ArbeitsplatzrechnerStandard
Rechner_168,ArbeitsplatzrechnerStandard
Rechner_169,ArbeitsplatzrechnerStandard
Rechner_170,ArbeitsplatzrechnerStandard
Rechner_171,ArbeitsplatzrechnerStandard
Rechner_172,ArbeitsplatzrechnerStandard
Rechner_173,ArbeitsplatzrechnerStandard
Rechner_174,ArbeitsplatzrechnerStandard
Rechner_175,ArbeitsplatzrechnerStandard
Rechner_176,ArbeitsplatzrechnerStandard
Rechner_177,ArbeitsplatzrechnerStandard
Rechner_178,ArbeitsplatzrechnerStandard
Rechner_179,ArbeitsplatzrechnerStandard
Rechner_180,ArbeitsplatzrechnerStandard
Rechner_181,ArbeitsplatzrechnerStandard
Rechner_182,ArbeitsplatzrechnerStandard
Rechner_183,ArbeitsplatzrechnerStandard
Rechner_184,ArbeitsplatzrechnerStandard
Rechner_185,ArbeitsplatzrechnerStandard
Rechner_186,ArbeitsplatzrechnerStandard
Rechner_187,ArbeitsplatzrechnerStandard
Rechner_188,ArbeitsplatzrechnerStandard
Rechner_189,ArbeitsplatzrechnerStandard
Rechner_190,ArbeitsplatzrechnerStandard
Rechner_191,ArbeitsplatzrechnerStandard
Rechner_192,ArbeitsplatzrechnerStandard
Rechner_193,ArbeitsplatzrechnerStandard
Rechner_194,ArbeitsplatzrechnerStandard
Rechner_195,ArbeitsplatzrechnerStandard
Rechner_196,ArbeitsplatzrechnerStandard
Rechner_197,ArbeitsplatzrechnerStandard
Rechner_198,ArbeitsplatzrechnerStandard
Rechner_199,ArbeitsplatzrechnerStandard
Rechner_200,ArbeitsplatzrechnerStandard
Rechner_201,ArbeitsplatzrechnerAusbau
Rechner_202,ArbeitsplatzrechnerAusbau
Rechner_203,ArbeitsplatzrechnerAusbau
Rechner_204,ArbeitsplatzrechnerAusbau
Rechner_205,ArbeitsplatzrechnerAusbau
Rechner_206,ArbeitsplatzrechnerAusbau
Rechner_207,ArbeitsplatzrechnerAusbau
Rechner_208,ArbeitsplatzrechnerAusbau
Rechner_209,ArbeitsplatzrechnerAusbau
Rechner_210,ArbeitsplatzrechnerAusbau
Rechner_211,ArbeitsplatzrechnerAusbau
Rechner_212,ArbeitsplatzrechnerAusbau
Rechner_213,ArbeitsplatzrechnerAusbau
Rechner_214,ArbeitsplatzrechnerAusbau
Rechner_215,ArbeitsplatzrechnerAusbau
Rechner_216,ArbeitsplatzrechnerAusbau
Rechner_217,ArbeitsplatzrechnerAusbau
Rechner_218,ArbeitsplatzrechnerAusbau
Rechner_219,ArbeitsplatzrechnerAusbau
Rechner_220,ArbeitsplatzrechnerAusbau
Rechner_221,ArbeitsplatzrechnerAusbau
Rechner_222,ArbeitsplatzrechnerAusbau
Rechner_223,ArbeitsplatzrechnerAusbau
Rechner_224,ArbeitsplatzrechnerAusbau
Rechner_225,ArbeitsplatzrechnerAusbau
Rechner_226,ArbeitsplatzrechnerAusbau
Rechner_227,ArbeitsplatzrechnerAusbau
Rechner_228,ArbeitsplatzrechnerAusbau
Rechner_229,ArbeitsplatzrechnerAusbau
Rechner_230,ArbeitsplatzrechnerAusbau
Rechner_231,ArbeitsplatzrechnerAusbau
Rechner_232,ArbeitsplatzrechnerAusbau
Rechner_233,ArbeitsplatzrechnerAusbau
Rechner_234,ArbeitsplatzrechnerAusbau
Rechner_235,ArbeitsplatzrechnerAusbau
Rechner_236,ArbeitsplatzrechnerAusbau
Rechner_237,ArbeitsplatzrechnerAusbau
Rechner_238,ArbeitsplatzrechnerAusbau
Rechner_239,ArbeitsplatzrechnerAusbau
Rechner_240,ArbeitsplatzrechnerAusbau
Rechner_241,ArbeitsplatzrechnerAusbau
Rechner_242,ArbeitsplatzrechnerAusbau
Rechner_243,ArbeitsplatzrechnerAusbau
Rechner_244,ArbeitsplatzrechnerAusbau
Rechner_245,ArbeitsplatzrechnerAusbau
Rechner_246,ArbeitsplatzrechnerAusbau
Rechner_247,ArbeitsplatzrechnerAusbau
Rechner_248,ArbeitsplatzrechnerAusbau
Rechner_249,ArbeitsplatzrechnerAusbau
Rechner_250,ArbeitsplatzrechnerAusbau
Rechner_251,ArbeitsplatzrechnerAusbau
Rechner_252,ArbeitsplatzrechnerAusbau
Rechner_253,ArbeitsplatzrechnerAusbau
Rechner_254,ArbeitsplatzrechnerAusbau
Rechner_255,ArbeitsplatzrechnerAusbau
Rechner_256,ArbeitsplatzrechnerAusbau
Rechner_257,ArbeitsplatzrechnerAusbau
Rechner_258,ArbeitsplatzrechnerAusbau
Rechner_259,ArbeitsplatzrechnerAusbau
Rechner_260,ArbeitsplatzrechnerAusbau
Rechner_261,ArbeitsplatzrechnerAusbau
Rechner_262,ArbeitsplatzrechnerAusbau
Rechner_263,ArbeitsplatzrechnerAusbau
Rechner_264,ArbeitsplatzrechnerAusbau
Rechner_265,ArbeitsplatzrechnerAusbau
Rechner_266,ArbeitsplatzrechnerAusbau
Rechner_267,ArbeitsplatzrechnerAusbau
Rechner_268,ArbeitsplatzrechnerAusbau
Rechner_269,ArbeitsplatzrechnerAusbau
Rechner_270,ArbeitsplatzrechnerAusbau
Rechner_271,ArbeitsplatzrechnerAusbau
Rechner_272,ArbeitsplatzrechnerAusbau
Rechner_273,ArbeitsplatzrechnerAusbau
Rechner_274,ArbeitsplatzrechnerAusbau
Rechner_275,ArbeitsplatzrechnerAusbau
Rechner_276,ArbeitsplatzrechnerAusbau
Rechner_277,ArbeitsplatzrechnerAusbau
Rechner_278,ArbeitsplatzrechnerAusbau
Rechner_279,ArbeitsplatzrechnerAusbau
Rechner_280,ArbeitsplatzrechnerAusbau
Rechner_281,ArbeitsplatzrechnerAusbau
Rechner_282,ArbeitsplatzrechnerAusbau
Rechner_283,ArbeitsplatzrechnerAusbau
Rechner_284,ArbeitsplatzrechnerAusbau
Rechner_285,ArbeitsplatzrechnerAusbau
Rechner_286,ArbeitsplatzrechnerAusbau
Rechner_287,ArbeitsplatzrechnerAusbau
Rechner_288,ArbeitsplatzrechnerAusbau
Rechner_289,ArbeitsplatzrechnerAusbau
Rechner_290,ArbeitsplatzrechnerAusbau
Rechner_291,ArbeitsplatzrechnerAusbau
Rechner_292,ArbeitsplatzrechnerAusbau
Rechner_293,ArbeitsplatzrechnerAusbau
Rechner_294,ArbeitsplatzrechnerAusbau
Rechner_295,ArbeitsplatzrechnerAusbau
Rechner_296,ArbeitsplatzrechnerAusbau
Rechner_297,ArbeitsplatzrechnerAusbau
Rechner_298,ArbeitsplatzrechnerAusbau
Rechner_299,ArbeitsplatzrechnerAusbau
Rechner_300,ArbeitsplatzrechnerAusbau
Rechner_301,ArbeitsplatzrechnerAusbau
Rechner_302,ArbeitsplatzrechnerAusbau
Rechner_303,ArbeitsplatzrechnerAusbau
Rechner_304,ArbeitsplatzrechnerAusbau
Rechner_305,ArbeitsplatzrechnerAusbau
Rechner_306,ArbeitsplatzrechnerAusbau
Rechner_307,ArbeitsplatzrechnerAusbau
Rechner_308,ArbeitsplatzrechnerAusbau
Rechner_309,ArbeitsplatzrechnerAusbau
Rechner_310,ArbeitsplatzrechnerAusbau
Rechner_311,ArbeitsplatzrechnerAusbau
Rechner_312,ArbeitsplatzrechnerAusbau
Rechner_313,ArbeitsplatzrechnerAusbau
Rechner_314,ArbeitsplatzrechnerAusbau
Rechner_315,ArbeitsplatzrechnerAusbau
Rechner_316,ArbeitsplatzrechnerAusbau
Rechner_317,ArbeitsplatzrechnerAusbau
Rechner_318,ArbeitsplatzrechnerAusbau
Rechner_319,ArbeitsplatzrechnerAusbau
Rechner_320,ArbeitsplatzrechnerAusbau
Rechner_321,ArbeitsplatzrechnerAusbau
Rechner_322,ArbeitsplatzrechnerAusbau
Rechner_323,ArbeitsplatzrechnerAusbau
Rechner_324,ArbeitsplatzrechnerAusbau
Rechner_325,ArbeitsplatzrechnerAusbau
Rechner_326,ArbeitsplatzrechnerAusbau
Rechner_327,ArbeitsplatzrechnerAusbau
Rechner_328,ArbeitsplatzrechnerAusbau
Rechner_329,ArbeitsplatzrechnerAusbau
Rechner_330,ArbeitsplatzrechnerAusbau
Rechner_331,ArbeitsplatzrechnerAusbau
Rechner_332,ArbeitsplatzrechnerAusbau
Rechner_333,ArbeitsplatzrechnerAusbau
Rechner_334,ArbeitsplatzrechnerAusbau
Rechner_335,ArbeitsplatzrechnerAusbau
Rechner_336,ArbeitsplatzrechnerAusbau
Rechner_337,ArbeitsplatzrechnerAusbau
Rechner_338,ArbeitsplatzrechnerAusbau
Rechner_339,ArbeitsplatzrechnerAusbau
Rechner_340,ArbeitsplatzrechnerAusbau
Rechner_341,ArbeitsplatzrechnerAusbau
Rechner_342,ArbeitsplatzrechnerAusbau
Rechner_343,ArbeitsplatzrechnerAusbau
Rechner_344,ArbeitsplatzrechnerAusbau
Rechner_345,ArbeitsplatzrechnerAusbau
Rechner_346,ArbeitsplatzrechnerAusbau
Rechner_347,ArbeitsplatzrechnerAusbau
Rechner_348,ArbeitsplatzrechnerAusbau
Rechner_349,ArbeitsplatzrechnerAusbau
Rechner_350,ArbeitsplatzrechnerAusbau
Rechner_351,Server
Rechner_352,Server
Rechner_353,Server
Rechner_354,Server
Rechner_355,Server
Rechner_356,Server
Rechner_357,Server
Rechner_358,Server
Rechner_359,Server
Rechner_360,Server
Rechner_361,Sonstige
Rechner_362,Sonstige
