1,Benutzer1,Heidrich,Erich
2,Benutzer2,Lauterbach,Björn
3,Benutzer3,Ebert,Malgorzata
4,Benutzer4,Horst,Malgorzata
5,Benutzer5,Hentschel,Astrid
6,Benutzer6,Nolte,Carolina
7,Benutzer7,Gerlach,Arne
8,Benutzer8,Hermes,Manfred
9,Benutzer9,Klemm,Marie
10,Benutzer10,Wiesner,Theresa
11,Benutzer11,Resch,Ruth
12,Benutzer12,Lippert,Eugen
13,Benutzer13,Engel,Celine
14,Benutzer14,Baumgarten,Michelle
15,Benutzer15,Lauterbach,John
16,Benutzer16,Muth,Arnd
17,Benutzer17,Kühl,Lasse
18,Benutzer18,Meister,Ilse
19,Benutzer19,Hauser,Joel
20,Benutzer20,Andres,Gabriele
21,Benutzer21,Haug,Edgar
22,Benutzer22,Metzner,Gerrit
23,Benutzer23,Schüller,Melina
24,Benutzer24,Kirschner,Eva
25,Benutzer25,Blank,Gudrun
26,Benutzer26,Schulte,Konstanze
27,Benutzer27,Ahrens,Finn
28,Benutzer28,Schweizer,Marko
29,Benutzer29,Schaaf,Georg
30,Benutzer30,Stark,Ina
31,Benutzer31,Leonhardt,Miriam
32,Benutzer32,Scheel,Rosa
33,Benutzer33,Gabriel,Friedrich
34,Benutzer34,Bode,Rudolf
35,Benutzer35,Ullmann,Hella
36,Benutzer36,Höhn,Philipp
37,Benutzer37,Köhn,Till
38,Benutzer38,Henn,Gunda
39,Benutzer39,Reimann,Richard
40,Benutzer40,Fritsche,Amelie
41,Benutzer41,Burger,Jakob
42,Benutzer42,Hecker,Melanie
43,Benutzer43,Eichhorn,Angelina
44,Benutzer44,Claus,Antonia
45,Benutzer45,Lindner,Olga
46,Benutzer46,Thomsen,Judith
47,Benutzer47,Stumpf,Isabella
48,Benutzer48,Vogt,Christel
49,Benutzer49,Lauer,John
50,Benutzer50,Breuer,Dustin
51,Benutzer51,Burghardt,Wolf
52,Benutzer52,Kramer,Isabel
53,Benutzer53,Gabriel,Tilmann
54,Benutzer54,Gebhardt,Andreas
55,Benutzer55,Menzel,Fritz
56,Benutzer56,Herrmann,Wolf
57,Benutzer57,Naumann,Celine
58,Benutzer58,Schüler,Marek
59,Benutzer59,Geyer,Irina
60,Benutzer60,Doll,Ulf
61,Benutzer61,Klaus,Rita
62,Benutzer62,Heine,Gerda
63,Benutzer63,Bach,Kerstin
64,Benutzer64,Kleine,Frederik
65,Benutzer65,Hermann,Carina
66,Benutzer66,Siegel,Victoria
67,Benutzer67,Kohler,Elisabeth
68,Benutzer68,Blank,Natascha
69,Benutzer69,Horstmann,Steve
70,Benutzer70,Hoch,Melissa
71,Benutzer71,Franz,Emine
72,Benutzer72,Scheer,Ilona
73,Benutzer73,Scheller,Ralf
74,Benutzer74,Schweitzer,Heinz
75,Benutzer75,Teichmann,Lea
76,Benutzer76,Westermann,Heidrun
77,Benutzer77,Mai,Dörte
78,Benutzer78,Ostermann,Larissa
79,Benutzer79,Peter,Ramona
80,Benutzer80,Wenzel,Carolin
81,Benutzer81,Voigt,Manfred
82,Benutzer82,Krieg,Holger
83,Benutzer83,Kasper,Gunda
84,Benutzer84,Trapp,Gunnar
85,Benutzer85,Baumgartner,Toni
86,Benutzer86,Miller,Christian
87,Benutzer87,Brandes,Hasan
88,Benutzer88,Ruf,Steffi
89,Benutzer89,Körber,Aylin
90,Benutzer90,Krauß,Viola
91,Benutzer91,Ahrens,Dietmar
92,Benutzer92,Krieg,Matthias
93,Benutzer93,Schlüter,Silvia
94,Benutzer94,Pohlmann,Till
95,Benutzer95,Junge,Ingeborg
96,Benutzer96,Daniel,Miroslav
97,Benutzer97,Henn,Dana
98,Benutzer98,Fricke,Julius
99,Benutzer99,Wendler,Beatrice
100,Benutzer100,Schönfeld,Martha
101,Benutzer101,Haag,Frank
102,Benutzer102,Heim,Ursel
103,Benutzer103,Balzer,Christiane
104,Benutzer104,Heidenreich,Janina
105,Benutzer105,Riemer,Angela
106,Benutzer106,Witt,Lara
107,Benutzer107,Pahl,Julius
108,Benutzer108,Hummel,Jan
109,Benutzer109,Brandl,Martina
110,Benutzer110,Hagen,Isabella
111,Benutzer111,Weinert,Sergej
112,Benutzer112,Jonas,Milena
113,Benutzer113,Schultze,Carlotta
114,Benutzer114,Michaelis,Nikolaus
115,Benutzer115,Volz,Ewa
116,Benutzer116,Eichhorn,Lasse
117,Benutzer117,Lück,Marlies
118,Benutzer118,Ebner,Petra
119,Benutzer119,Klinger,Larissa
120,Benutzer120,Mayr,Jessica
121,Benutzer121,Bräuer,Antonia
122,Benutzer122,Eckstein,Roman
123,Benutzer123,Hille,Maja
124,Benutzer124,Hammer,Marko
125,Benutzer125,Zimmer,Eckard
126,Benutzer126,May,Ines
127,Benutzer127,Urban,Henry
128,Benutzer128,Sauter,Stanislav
129,Benutzer129,Korn,Patrick
130,Benutzer130,Ewert,Sebastian
131,Benutzer131,Späth,John
132,Benutzer132,Jakobs,Heiko
133,Benutzer133,Pfeiffer,Kai
134,Benutzer134,Paulus,Regina
135,Benutzer135,Benz,Astrid
136,Benutzer136,Baum,Niko
137,Benutzer137,Schick,Nils
138,Benutzer138,Fricke,Hella
139,Benutzer139,Rost,Axel
140,Benutzer140,Bormann,Sigrid
141,Benutzer141,Seibert,Vivian
142,Benutzer142,Fries,Mario
143,Benutzer143,Braun,Aylin
144,Benutzer144,Höhne,Berthold
145,Benutzer145,Unger,Georgios
146,Benutzer146,Brenner,Mandy
147,Benutzer147,Konrad,Achim
148,Benutzer148,Siegert,Astrid
149,Benutzer149,Ehlert,Dennis
150,Benutzer150,Grau,Niko
151,Benutzer151,Bremer,Jörn
152,Benutzer152,Peters,Ali
153,Benutzer153,Maier,Mike
154,Benutzer154,Herz,Sigrid
155,Benutzer155,Gross,Leonard
156,Benutzer156,Schott,Markus
157,Benutzer157,Singer,Marlon
158,Benutzer158,Marquardt,Henrike
159,Benutzer159,Hoch,Dietmar
160,Benutzer160,Kirchner,Gunnar
161,Benutzer161,Konrad,Till
162,Benutzer162,Horst,Marius
163,Benutzer163,König,Zbigniew
164,Benutzer164,Gehring,Nicola
165,Benutzer165,Brockmann,Mona
166,Benutzer166,Götz,Karen
167,Benutzer167,Baumgärtner,Egon
168,Benutzer168,Mahler,Timo
169,Benutzer169,Bär,Ulf
170,Benutzer170,Heidrich,Josefine
171,Benutzer171,Enders,Maja
172,Benutzer172,Hofer,Paulina
173,Benutzer173,Schultz,Manuel
174,Benutzer174,Fuhrmann,Hans
175,Benutzer175,Brendel,Chris
176,Benutzer176,Müller,Paul
177,Benutzer177,Weber,Hendrik
178,Benutzer178,Brückner,﻿Agnes
179,Benutzer179,Schuhmacher,﻿Agnes
180,Benutzer180,Ebel,Heiko
181,Benutzer181,Baumgart,Ronny
182,Benutzer182,Biermann,Jana
183,Benutzer183,Falk,Gunter
184,Benutzer184,Beier,Jean
185,Benutzer185,Zeidler,Annika
186,Benutzer186,Endres,Victor
187,Benutzer187,Diekmann,Winfried
188,Benutzer188,Kilian,Alina
189,Benutzer189,Schlosser,﻿Agnes
190,Benutzer190,Henning,Frederik
191,Benutzer191,Jakob,Iris
192,Benutzer192,Balzer,Klara
193,Benutzer193,Hein,Horst
194,Benutzer194,Wagner,Michelle
195,Benutzer195,Grundmann,Melissa
196,Benutzer196,Schramm,Sofie
197,Benutzer197,Buchmann,Brigitte
198,Benutzer198,Lorenz,Louise
199,Benutzer199,Schütte,Carmen
200,Benutzer200,Rupp,Ronny
201,Benutzer201,Kunert,Till
202,Benutzer202,Albers,Reinhold
203,Benutzer203,Ehrhardt,Ali
204,Benutzer204,Wirth,Vanessa
205,Benutzer205,Buchmann,Igor
206,Benutzer206,Merkel,Heiko
207,Benutzer207,Kugler,Timo
208,Benutzer208,Pfeiffer,Max
209,Benutzer209,Heim,Danny
210,Benutzer210,Mai,Brigitta
211,Benutzer211,Schütz,Carla
212,Benutzer212,Ahrens,Dietrich
213,Benutzer213,Kunkel,Hannah
214,Benutzer214,Amann,Roland
215,Benutzer215,Boldt,Janine
216,Benutzer216,Rademacher,Danny
217,Benutzer217,Steinbach,Norman
218,Benutzer218,Anders,Franz
219,Benutzer219,Bohn,Carla
220,Benutzer220,Lohse,Irmgard
221,Benutzer221,Cremer,Ina
222,Benutzer222,Häusler,David
223,Benutzer223,Rupp,Enrico
224,Benutzer224,Brockmann,Ricarda
225,Benutzer225,Kohler,Hannah
226,Benutzer226,Mühlbauer,Benedikt
227,Benutzer227,Riemer,Jacqueline
228,Benutzer228,Heitmann,Hans
229,Benutzer229,Heise,Sofie
230,Benutzer230,Wahl,Kathleen
231,Benutzer231,Götze,Jörg
232,Benutzer232,May,Enrico
233,Benutzer233,Theis,Hartmut
234,Benutzer234,Hinrichs,Rüdiger
235,Benutzer235,Kühn,Marlene
236,Benutzer236,Jakob,Carolin
237,Benutzer237,Hartl,Thore
238,Benutzer238,Opitz,Marius
239,Benutzer239,Lehmann,Anja
240,Benutzer240,Wieland,Bodo
241,Benutzer241,Kemper,Justin
242,Benutzer242,Wolff,Nick
243,Benutzer243,Stamm,Reinhard
244,Benutzer244,Häusler,Lydia
245,Benutzer245,Burkhardt,Matthias
246,Benutzer246,Weigel,Andi
247,Benutzer247,Petzold,Merle
248,Benutzer248,Busse,Ercan
249,Benutzer249,Benz,Finn
250,Benutzer250,Kellner,Christin
251,Benutzer251,Bernhard,Matthias
252,Benutzer252,Radtke,Hatice
253,Benutzer253,Grund,Olga
254,Benutzer254,Hinrichs,Hubert
255,Benutzer255,Schumann,Gerda
256,Benutzer256,Fritzsche,Anton
257,Benutzer257,Ullrich,Christin
258,Benutzer258,Theis,Peter
259,Benutzer259,Krohn,Galina
260,Benutzer260,Schiller,Christopher
261,Benutzer261,Walter,Elvira
262,Benutzer262,Schmidt,Ursula
263,Benutzer263,Schuh,Hartmut
264,Benutzer264,Neumann,Edeltraud
265,Benutzer265,Schmitz,Winfried
266,Benutzer266,Struck,Ute
267,Benutzer267,Kübler,Ronald
268,Benutzer268,Hopp,Anita
269,Benutzer269,Jung,Maximilian
270,Benutzer270,Heil,Erik
271,Benutzer271,Kleinert,Maria
272,Benutzer272,Damm,Bernhard
273,Benutzer273,Küppers,Stefan
274,Benutzer274,Auer,Björn
275,Benutzer275,Knobloch,Margret
276,Benutzer276,Bernhard,Wolfram
277,Benutzer277,Dittrich,Marvin
278,Benutzer278,Brück,Dorit
279,Benutzer279,Moritz,Heinz
280,Benutzer280,Schwabe,Jule
281,Benutzer281,Götze,Kerstin
282,Benutzer282,Kretschmer,Luca
283,Benutzer283,Lauterbach,Klaus
284,Benutzer284,Reinhold,Dagmar
285,Benutzer285,Rother,Udo
286,Benutzer286,Fritsche,Darius
287,Benutzer287,Braun,Nils
288,Benutzer288,May,Jennifer
289,Benutzer289,Höfer,Marvin
290,Benutzer290,Engels,Janine
291,Benutzer291,Knobloch,Peer
292,Benutzer292,Heide,Ricarda
293,Benutzer293,Kopp,Natascha
294,Benutzer294,Mielke,Christel
295,Benutzer295,Michel,Klara
296,Benutzer296,Lindemann,Almuth
297,Benutzer297,Hagen,Sina
298,Benutzer298,Lohmann,Till
299,Benutzer299,Schweizer,Christine
300,Benutzer300,Popp,Armin
301,Benutzer301,Kleinert,Joshua
302,Benutzer302,Frey,Steven
303,Benutzer303,Kühne,Gisela
304,Benutzer304,Schulz,Egon
305,Benutzer305,Ahler,Anita
306,Benutzer306,Decker,Richard
307,Benutzer307,Hagemann,Jennifer
308,Benutzer308,May,Janine
309,Benutzer309,Daniel,Udo
310,Benutzer310,Schlosser,Petra
311,Benutzer311,Lindner,Martha
312,Benutzer312,Kruse,Evelyn
313,Benutzer313,Rademacher,Henning
314,Benutzer314,Hanisch,Astrid
315,Benutzer315,Loos,Anton
316,Benutzer316,Hammer,Ann
317,Benutzer317,Sattler,Anneliese
318,Benutzer318,Haupt,Niclas
319,Benutzer319,Großmann,Ilse
320,Benutzer320,Spies,Friedhelm
321,Benutzer321,Haller,Dorit
322,Benutzer322,Rohde,Raphael
323,Benutzer323,Hinrichs,Sina
324,Benutzer324,Huber,Arne
325,Benutzer325,Sommer,Heiko
326,Benutzer326,Winter,Liane
327,Benutzer327,Kohler,Jana
328,Benutzer328,Rößler,Helmut
329,Benutzer329,Lutz,Paula
330,Benutzer330,Barth,Enrico
331,Benutzer331,Dietze,Gregor
332,Benutzer332,Pape,Emine
333,Benutzer333,Möller,Susanne
334,Benutzer334,Rogge,Alexandra
335,Benutzer335,Rauscher,Nina
336,Benutzer336,Stern,Franziska
337,Benutzer337,Pilz,Ilka
338,Benutzer338,Burger,Rebecca
339,Benutzer339,Stoll,Ahmed
340,Benutzer340,Greiner,Janina
341,Benutzer341,Böttcher,Kira
342,Benutzer342,Franz,Tobias
343,Benutzer343,Roth,Nicole
344,Benutzer344,Weller,Eugen
345,Benutzer345,Höhn,Lara
346,Benutzer346,Schirmer,Heinrich
347,Benutzer347,Lehnert,Ludwig
348,Benutzer348,Lehmann,Andrej
349,Benutzer349,Pusch,Sandra
350,Benutzer350,Horst,Sina
351,Benutzer351,Rausch,Raimund
352,Benutzer352,Köhler,Jennifer
353,Benutzer353,Sauer,Tobias
354,Benutzer354,Lenz,Ahmed
355,Benutzer355,Kersten,Jens
356,Benutzer356,Pauli,Gertrud
357,Benutzer357,Sahin,Malte
358,Benutzer358,Noack,Horst
359,Benutzer359,Döring,Torben
360,Benutzer360,Morgenstern,Gerald
361,Benutzer361,Herzog,Berthold
362,Benutzer362,Ruf,Kurt
363,Benutzer363,Jacobi,Nicole
364,Benutzer364,Hellwig,Ludmila
365,Benutzer365,Bach,Eugen
366,Benutzer366,Schröer,Edgar
367,Benutzer367,Rupprecht,Florian
368,Benutzer368,Dittmann,Annegret
369,Benutzer369,Heller,Ole
370,Benutzer370,Meißner,Daniel
371,Benutzer371,Geiger,Holger
372,Benutzer372,Miller,Tatjana
373,Benutzer373,Burkhardt,Wiebke
374,Benutzer374,Schwarz,Anne
375,Benutzer375,Friedrichs,Magdalena
376,Benutzer376,Matthes,Bianca
377,Benutzer377,Forster,Andrzej
378,Benutzer378,Heimann,Nadine
379,Benutzer379,Pütz,Elke
380,Benutzer380,Jacob,Cornelius
381,Benutzer381,Klatt,Hartwig
382,Benutzer382,Fritsche,Sigrid
383,Benutzer383,Siebert,Margot
384,Benutzer384,Dittmann,Till
385,Benutzer385,Grünewald,Luisa
386,Benutzer386,Mangold,Marita
387,Benutzer387,Schaub,Werner
388,Benutzer388,Stiller,Harald
389,Benutzer389,Ott,Franz
390,Benutzer390,Menzel,Vivian
391,Benutzer391,Seibel,Arnd
392,Benutzer392,Jaeger,Henning
393,Benutzer393,Hoppe,Rudolf
394,Benutzer394,Hermes,Ahmad
395,Benutzer395,Schlosser,Lennard
396,Benutzer396,Krämer,Patricia
397,Benutzer397,Jäger,Hendrik
398,Benutzer398,Ries,Bernd
399,Benutzer399,Matthes,Dirk
400,Benutzer400,Jost,Tina
