Programm1,OfficeProgramme
Programm2,OfficeProgramme
,OfficeProgramme
Programm4,OfficeProgramme
Programm5,
Programm6,Kaufm√§nnischeProgramme
,
Programm8,Kategorieunbekannt
Programm9,Kategorieunbekannt
Programm10,TechnischeProgramme
Programm11,TechnischeProgramme
Programm12,TechnischeProgramme
Programm13,TechnischeProgramme
Programm14,TechnischeProgramme
Programm15,TechnischeProgramme
Programm16,TechnischeProgramme
Programm17,TechnischeProgramme
Programm18,BetriebssystemProgramme
Programm19,BetriebssystemProgramme
Programm20,BetriebssystemProgramme
Programm21,BetriebssystemProgramme
Programm22,BetriebssystemProgramme
Programm23,HilfsProgramme
Programm24,HilfsProgramme
Programm25,HilfsProgramme
Programm26,SonstigeProgramme
Programm27,SonstigeProgramme
